condition_id,blend_id,temperature,heating_rate,residence_time,catalyst,reactor_type,energy_input
C1,B1,471,14.0,37,nan,batch,20.9
C2,B2,429,16.8,34,Silica,batch,23.5
C3,B3,463,15.4,48,Zeolite,batch,39.1
C4,B4,450,10.2,39,nan,batch,21.4
C5,B5,472,8.3,40,Zeolite,batch,27.1
C6,B6,442,11.4,54,Zeolite,batch,30.1
C7,B7,471,13.3,44,nan,batch,29.9
C8,B8,449,15.4,35,nan,batch,20.1
C9,B9,452,18.2,44,nan,batch,30.0
C10,B10,476,10.4,34,nan,batch,27.7
C11,B11,471,9.5,58,nan,batch,39.4
C12,B12,428,19.6,48,Zeolite,batch,23.2
C13,B13,473,9.3,51,Alumina,batch,27.1
C14,B14,466,13.7,48,Alumina,batch,28.4
C15,B15,420,15.0,39,nan,batch,27.8
C16,B16,463,14.5,41,Zeolite,batch,33.3
C17,B17,454,9.0,51,Alumina,batch,24.3
C18,B18,430,8.7,33,Alumina,batch,24.4
C19,B19,453,9.3,47,Alumina,batch,34.6
C20,B20,435,15.0,45,Zeolite,batch,30.0
C21,B21,428,14.5,37,nan,batch,28.3
C22,B22,451,10.8,33,nan,batch,23.4
C23,B23,434,15.7,54,nan,batch,23.8
C24,B24,431,17.8,52,Silica,batch,20.2
C25,B25,452,8.5,41,Silica,batch,21.8
C26,B26,464,14.0,31,Silica,batch,31.1
C27,B27,433,16.3,33,Zeolite,batch,37.8
C28,B28,476,11.0,34,Alumina,batch,25.7
C29,B29,476,11.7,32,Alumina,batch,26.6
C30,B30,427,15.4,38,Zeolite,batch,22.3
C31,B31,427,18.8,58,Zeolite,batch,27.8
C32,B32,446,17.7,50,nan,batch,20.7
C33,B33,431,15.0,47,nan,batch,38.4
C34,B34,420,16.8,40,Silica,batch,33.5
C35,B35,462,12.4,32,Silica,batch,39.8
C36,B36,459,15.7,59,Zeolite,batch,37.7
C37,B37,461,13.6,54,Silica,batch,29.5
C38,B38,470,10.3,52,Alumina,batch,30.4
C39,B39,430,16.4,31,Zeolite,batch,23.8
C40,B40,458,14.7,38,Zeolite,batch,29.2
C41,B41,462,12.3,43,Alumina,batch,38.1
C42,B42,450,18.9,33,nan,batch,21.0
C43,B43,436,8.3,58,nan,batch,37.3
C44,B44,452,11.8,38,Alumina,batch,26.8
C45,B45,451,8.7,42,Alumina,batch,38.0
C46,B46,477,17.2,47,Silica,batch,38.8
C47,B47,448,16.4,44,Zeolite,batch,33.4
C48,B48,440,12.0,57,Silica,batch,33.3
C49,B49,440,16.1,39,Alumina,batch,29.1
C50,B50,459,12.8,45,Silica,batch,36.7
C51,B51,442,17.1,41,Alumina,batch,39.2
C52,B52,475,13.5,49,Silica,batch,35.5
C53,B53,425,12.9,34,Silica,batch,32.4
C54,B54,441,19.2,31,nan,batch,32.1
C55,B55,469,11.0,39,Alumina,batch,37.0
C56,B56,457,9.4,30,Silica,batch,30.8
C57,B57,456,15.0,36,Zeolite,batch,36.1
C58,B58,464,19.6,55,Silica,batch,30.2
C59,B59,470,12.5,46,Silica,batch,21.2
C60,B60,473,8.7,45,Zeolite,batch,27.7
C61,B61,427,12.1,56,Alumina,batch,28.9
C62,B62,460,14.1,56,nan,batch,22.8
C63,B63,468,9.9,53,nan,batch,22.0
C64,B64,454,15.9,32,nan,batch,30.7
C65,B65,470,20.0,43,Zeolite,batch,21.7
C66,B66,430,13.4,39,Silica,batch,26.1
C67,B67,443,12.3,51,Alumina,batch,34.9
C68,B68,468,12.8,36,Silica,batch,39.3
C69,B69,440,9.4,55,nan,batch,34.4
C70,B70,470,18.6,46,Silica,batch,39.9
C71,B71,421,13.0,59,Zeolite,batch,34.0
C72,B72,459,12.6,35,Zeolite,batch,25.9
C73,B73,438,15.9,52,Alumina,batch,33.4
C74,B74,458,13.3,51,Alumina,batch,34.0
C75,B75,447,15.8,33,nan,batch,27.4
C76,B76,478,8.7,46,Alumina,batch,20.4
C77,B77,436,17.8,56,Silica,batch,34.1
C78,B78,425,19.3,38,Zeolite,batch,20.4
C79,B79,438,15.8,33,Zeolite,batch,32.6
C80,B80,475,19.5,36,Zeolite,batch,23.3
C81,B81,457,9.8,52,Alumina,batch,31.3
C82,B82,447,13.7,31,Zeolite,batch,30.1
C83,B83,421,15.2,46,Zeolite,batch,20.3
C84,B84,457,15.0,53,Zeolite,batch,27.3
C85,B85,474,12.8,37,nan,batch,32.0
C86,B86,456,12.1,52,nan,batch,37.0
C87,B87,470,9.5,59,Alumina,batch,37.8
C88,B88,471,12.7,44,Zeolite,batch,29.7
C89,B89,423,10.0,44,Alumina,batch,34.6
C90,B90,441,16.8,37,Zeolite,batch,26.3
C91,B91,445,10.5,45,Zeolite,batch,26.8
C92,B92,468,8.7,48,Zeolite,batch,23.9
C93,B93,462,14.6,40,Alumina,batch,31.2
C94,B94,455,15.1,31,Alumina,batch,26.3
C95,B95,477,18.5,52,Zeolite,batch,21.7
C96,B96,432,14.9,53,Silica,batch,33.7
C97,B97,471,12.1,46,Alumina,batch,34.2
C98,B98,477,17.6,57,nan,batch,27.2
C99,B99,451,14.5,55,Alumina,batch,21.5
C100,B100,436,9.0,45,Zeolite,batch,28.5
C101,B101,460,14.8,54,Silica,batch,28.8
C102,B102,455,18.9,44,Zeolite,batch,33.4
C103,B103,474,12.8,42,nan,batch,26.3
C104,B104,479,11.6,44,Alumina,batch,33.7
C105,B105,465,9.7,56,Alumina,batch,37.4
C106,B106,438,9.8,33,Zeolite,batch,24.7
C107,B107,477,13.2,45,Zeolite,batch,39.6
C108,B108,479,15.1,59,nan,batch,27.7
C109,B109,454,9.0,41,Silica,batch,25.3
C110,B110,465,19.3,59,nan,batch,28.4
C111,B111,459,17.1,33,Silica,batch,21.9
C112,B112,475,15.0,32,Alumina,batch,22.5
C113,B113,478,17.9,51,Silica,batch,28.3
C114,B114,447,9.0,46,Silica,batch,35.2
C115,B115,420,13.7,51,Alumina,batch,38.0
C116,B116,461,15.6,47,Alumina,batch,33.3
C117,B117,437,17.9,54,Alumina,batch,22.1
C118,B118,467,17.4,47,nan,batch,33.4
C119,B119,459,11.3,52,Alumina,batch,32.7
C120,B120,452,19.3,57,Zeolite,batch,36.1
C121,B121,431,9.5,46,Alumina,batch,36.5
C122,B122,427,18.5,41,Alumina,batch,37.4
C123,B123,443,19.7,52,Alumina,batch,28.3
C124,B124,435,10.1,50,Silica,batch,34.0
C125,B125,469,16.7,53,nan,batch,25.4
C126,B126,423,8.5,33,Alumina,batch,40.0
C127,B127,457,12.9,41,nan,batch,23.5
C128,B128,463,14.2,55,Zeolite,batch,20.2
C129,B129,446,15.0,52,Zeolite,batch,23.0
C130,B130,428,19.2,51,Alumina,batch,35.5
C131,B131,466,16.1,50,Zeolite,batch,28.9
C132,B132,435,13.8,49,nan,batch,29.0
C133,B133,475,17.7,44,Silica,batch,39.1
C134,B134,431,19.4,52,Alumina,batch,38.4
C135,B135,450,8.3,57,Zeolite,batch,26.2
C136,B136,443,19.8,45,nan,batch,24.2
C137,B137,474,9.0,34,nan,batch,37.0
C138,B138,433,17.8,50,Zeolite,batch,38.1
C139,B139,464,11.4,44,nan,batch,30.8
C140,B140,444,9.6,46,nan,batch,32.6
C141,B141,453,13.3,47,Alumina,batch,25.1
C142,B142,422,15.7,34,nan,batch,36.0
C143,B143,477,12.6,42,Zeolite,batch,32.6
C144,B144,443,8.7,48,Alumina,batch,30.1
C145,B145,473,15.2,59,Zeolite,batch,21.2
C146,B146,461,18.8,42,Silica,batch,38.3
C147,B147,428,12.6,47,Zeolite,batch,32.3
C148,B148,445,10.6,43,Zeolite,batch,23.9
C149,B149,439,13.3,59,Alumina,batch,32.1
C150,B150,459,8.6,33,nan,batch,33.5
C151,B151,429,17.8,33,Zeolite,batch,30.5
C152,B152,438,17.9,49,Alumina,batch,34.4
C153,B153,422,15.1,49,Silica,batch,31.6
C154,B154,443,12.2,48,Alumina,batch,39.0
C155,B155,424,17.6,42,Alumina,batch,21.1
C156,B156,422,14.7,41,nan,batch,22.1
C157,B157,477,17.9,36,Zeolite,batch,23.5
C158,B158,446,15.6,54,Silica,batch,33.8
C159,B159,435,17.4,41,Alumina,batch,32.9
C160,B160,468,15.2,50,Zeolite,batch,37.8
C161,B161,434,13.0,33,Zeolite,batch,34.7
C162,B162,454,19.5,56,Alumina,batch,30.2
C163,B163,431,14.5,31,Zeolite,batch,39.8
C164,B164,460,15.3,31,Alumina,batch,25.3
C165,B165,472,10.6,34,Alumina,batch,36.7
C166,B166,463,15.5,52,Alumina,batch,28.5
C167,B167,445,14.9,39,Silica,batch,33.0
C168,B168,466,10.2,39,Alumina,batch,34.5
C169,B169,453,8.7,38,nan,batch,32.7
C170,B170,442,15.3,42,Zeolite,batch,22.8
C171,B171,450,17.2,36,Silica,batch,28.9
C172,B172,469,14.3,34,Zeolite,batch,31.2
C173,B173,439,10.7,55,Silica,batch,37.0
C174,B174,431,16.0,39,nan,batch,28.9
C175,B175,442,9.0,39,Silica,batch,38.4
C176,B176,423,13.3,35,Silica,batch,28.8
C177,B177,442,10.0,56,Silica,batch,31.0
C178,B178,467,10.2,57,Zeolite,batch,35.9
C179,B179,474,10.4,48,Alumina,batch,31.7
C180,B180,467,12.6,50,Zeolite,batch,39.2
C181,B181,420,8.6,37,Alumina,batch,33.2
C182,B182,473,12.8,30,Zeolite,batch,30.5
C183,B183,444,14.1,57,nan,batch,20.5
C184,B184,421,13.8,46,nan,batch,28.3
C185,B185,449,12.6,36,Silica,batch,26.0
C186,B186,422,18.1,43,nan,batch,35.0
C187,B187,477,9.7,50,Silica,batch,24.2
C188,B188,440,14.1,59,Alumina,batch,24.1
C189,B189,444,8.7,50,nan,batch,23.8
C190,B190,439,8.9,46,Alumina,batch,22.5
C191,B191,468,14.9,38,Zeolite,batch,26.2
C192,B192,471,14.8,46,Alumina,batch,37.7
C193,B193,441,18.5,34,Zeolite,batch,35.5
C194,B194,440,14.7,55,Alumina,batch,34.7
C195,B195,452,19.5,54,Alumina,batch,35.9
C196,B196,471,8.6,59,nan,batch,25.4
C197,B197,457,9.2,49,Alumina,batch,37.7
C198,B198,434,8.5,58,nan,batch,22.7
C199,B199,477,10.2,37,nan,batch,26.7
C200,B200,477,14.5,35,Silica,batch,31.7
C201,B201,465,15.7,40,Silica,batch,22.1
C202,B202,471,8.5,48,Zeolite,batch,34.6
C203,B203,434,19.4,33,Alumina,batch,27.7
C204,B204,465,18.1,47,Zeolite,batch,35.7
C205,B205,444,11.6,30,Alumina,batch,29.9
C206,B206,440,8.9,42,Silica,batch,23.6
C207,B207,443,10.0,43,Silica,batch,34.7
C208,B208,476,9.5,53,Alumina,batch,25.0
C209,B209,477,9.5,30,Alumina,batch,29.8
C210,B210,424,14.2,59,Silica,batch,21.5
C211,B211,425,11.0,58,Silica,batch,32.4
C212,B212,468,12.3,40,Zeolite,batch,33.3
C213,B213,462,19.9,46,Silica,batch,27.6
C214,B214,467,16.2,33,Alumina,batch,39.1
C215,B215,463,19.4,55,Zeolite,batch,37.5
C216,B216,466,9.7,41,Alumina,batch,34.2
C217,B217,442,12.6,39,nan,batch,34.3
C218,B218,423,14.7,35,Zeolite,batch,25.0
C219,B219,446,8.9,54,Alumina,batch,33.1
C220,B220,437,8.1,30,Silica,batch,24.0
C221,B221,440,16.0,36,nan,batch,22.9
C222,B222,447,15.7,55,Alumina,batch,40.0
C223,B223,454,12.9,56,Zeolite,batch,32.4
C224,B224,441,13.9,50,Alumina,batch,28.6
C225,B225,459,13.0,57,nan,batch,25.8
C226,B226,442,8.3,45,Zeolite,batch,32.1
C227,B227,422,12.0,53,nan,batch,21.0
C228,B228,459,10.1,43,Alumina,batch,21.9
C229,B229,469,9.2,52,Silica,batch,20.7
C230,B230,429,19.5,49,Silica,batch,30.0
C231,B231,444,15.2,49,Alumina,batch,32.0
C232,B232,471,16.7,35,Alumina,batch,21.2
C233,B233,468,11.8,51,Alumina,batch,34.4
C234,B234,427,12.7,54,Zeolite,batch,24.6
C235,B235,474,10.8,57,nan,batch,33.7
C236,B236,430,9.2,34,nan,batch,39.6
C237,B237,424,10.1,53,nan,batch,33.8
C238,B238,477,17.6,50,Alumina,batch,37.7
C239,B239,464,16.1,47,nan,batch,39.0
C240,B240,472,14.6,44,Alumina,batch,29.7
C241,B241,474,13.7,35,Zeolite,batch,34.0
C242,B242,456,19.1,54,Silica,batch,37.0
C243,B243,475,8.9,58,Alumina,batch,27.1
C244,B244,478,11.4,48,Alumina,batch,25.2
C245,B245,464,12.2,30,Silica,batch,38.9
C246,B246,457,17.4,30,Silica,batch,34.5
C247,B247,448,19.9,42,Zeolite,batch,24.4
C248,B248,424,10.9,32,nan,batch,29.0
C249,B249,428,18.5,39,Alumina,batch,35.9
C250,B250,478,18.0,50,nan,batch,30.9
C251,B251,467,10.7,32,Alumina,batch,33.0
C252,B252,421,12.8,38,Zeolite,batch,35.1
C253,B253,420,12.9,37,Silica,batch,32.4
C254,B254,459,19.7,32,Zeolite,batch,30.8
C255,B255,479,10.2,54,Silica,batch,35.0
C256,B256,470,17.6,42,nan,batch,34.6
C257,B257,449,12.0,35,nan,batch,32.6
C258,B258,430,16.8,42,Zeolite,batch,27.2
C259,B259,447,13.0,52,Silica,batch,28.1
C260,B260,463,14.9,49,Zeolite,batch,39.4
C261,B261,431,18.0,49,Silica,batch,22.2
C262,B262,458,17.6,41,Silica,batch,25.4
C263,B263,445,18.4,42,nan,batch,29.8
C264,B264,432,8.7,31,nan,batch,36.7
C265,B265,478,16.3,50,Silica,batch,23.3
C266,B266,427,9.7,53,Silica,batch,25.5
C267,B267,473,13.0,52,Silica,batch,21.3
C268,B268,447,14.6,45,nan,batch,34.1
C269,B269,477,12.8,52,nan,batch,24.8
C270,B270,449,14.2,35,Alumina,batch,27.8
C271,B271,428,20.0,48,Silica,batch,28.9
C272,B272,458,9.6,50,Alumina,batch,37.8
C273,B273,450,16.1,42,Silica,batch,28.2
C274,B274,477,12.8,46,nan,batch,22.9
C275,B275,440,9.6,52,Alumina,batch,30.5
C276,B276,475,9.9,38,Alumina,batch,39.3
C277,B277,466,19.4,46,Zeolite,batch,32.2
C278,B278,453,18.6,58,Silica,batch,39.7
C279,B279,474,18.9,31,nan,batch,36.8
C280,B280,450,19.9,48,Zeolite,batch,20.7
C281,B281,471,10.5,48,Zeolite,batch,33.2
C282,B282,444,12.3,53,Silica,batch,25.7
C283,B283,431,16.0,36,Zeolite,batch,31.2
C284,B284,420,13.8,51,Silica,batch,25.6
C285,B285,474,13.0,39,Zeolite,batch,27.0
C286,B286,441,12.3,39,Silica,batch,38.5
C287,B287,459,15.1,56,nan,batch,24.1
C288,B288,456,14.9,49,Silica,batch,37.5
C289,B289,466,9.9,38,Silica,batch,20.6
C290,B290,420,13.7,46,Alumina,batch,21.8
C291,B291,420,14.6,56,nan,batch,37.1
C292,B292,476,14.8,44,nan,batch,32.6
C293,B293,461,10.5,31,nan,batch,34.9
C294,B294,473,16.9,59,Zeolite,batch,24.2
C295,B295,461,8.3,33,Alumina,batch,30.7
C296,B296,440,12.3,48,nan,batch,34.7
C297,B297,434,17.4,46,Zeolite,batch,32.5
C298,B298,436,14.8,34,Zeolite,batch,29.4
C299,B299,441,11.1,36,Zeolite,batch,39.2
C300,B300,457,16.3,47,Alumina,batch,33.5
C301,B301,454,14.8,50,Zeolite,batch,38.2
C302,B302,464,17.6,51,Alumina,batch,34.6
C303,B303,435,16.8,56,Silica,batch,34.7
C304,B304,427,15.3,36,Zeolite,batch,21.6
C305,B305,466,13.9,46,nan,batch,27.2
C306,B306,436,9.6,36,Zeolite,batch,37.2
C307,B307,436,11.1,33,Silica,batch,24.7
C308,B308,473,13.0,37,Silica,batch,22.3
C309,B309,445,15.2,42,Zeolite,batch,26.5
C310,B310,432,14.2,33,Silica,batch,24.4
C311,B311,436,11.5,35,Alumina,batch,38.5
C312,B312,457,8.1,54,Alumina,batch,37.4
C313,B313,436,14.0,34,Zeolite,batch,30.0
C314,B314,467,11.4,59,Alumina,batch,21.2
C315,B315,433,16.8,41,Alumina,batch,34.3
C316,B316,464,8.3,33,nan,batch,32.5
C317,B317,425,15.0,53,Zeolite,batch,39.4
C318,B318,454,19.3,58,Silica,batch,31.2
C319,B319,465,10.1,38,Zeolite,batch,26.7
C320,B320,433,13.7,33,Alumina,batch,30.4
C321,B321,466,9.1,48,nan,batch,39.6
C322,B322,427,15.5,53,Zeolite,batch,33.9
C323,B323,434,14.6,43,Zeolite,batch,33.4
C324,B324,473,12.9,34,Alumina,batch,24.8
C325,B325,446,14.3,47,Alumina,batch,34.9
C326,B326,432,18.8,39,Zeolite,batch,35.0
C327,B327,468,10.4,54,Alumina,batch,26.3
C328,B328,450,8.3,48,Alumina,batch,29.7
C329,B329,472,18.3,41,Alumina,batch,25.9
C330,B330,475,14.9,47,Alumina,batch,25.2
C331,B331,454,18.7,46,Alumina,batch,20.5
C332,B332,479,15.2,59,nan,batch,25.7
C333,B333,425,17.7,53,Alumina,batch,31.1
C334,B334,424,13.2,40,Silica,batch,20.0
C335,B335,441,17.0,32,Zeolite,batch,25.7
C336,B336,477,19.0,52,nan,batch,37.6
C337,B337,468,14.9,46,nan,batch,31.9
C338,B338,442,10.2,30,Alumina,batch,32.2
C339,B339,444,11.2,44,Zeolite,batch,28.1
C340,B340,453,10.4,57,Silica,batch,33.5
C341,B341,445,11.0,38,Alumina,batch,23.8
C342,B342,466,11.7,44,Zeolite,batch,36.4
C343,B343,424,14.7,57,Alumina,batch,22.3
C344,B344,445,15.1,53,Alumina,batch,33.1
C345,B345,439,13.1,57,Alumina,batch,26.8
C346,B346,425,15.4,58,Alumina,batch,35.0
C347,B347,425,9.0,32,Alumina,batch,31.0
C348,B348,478,9.1,51,Alumina,batch,29.0
C349,B349,469,10.1,56,Alumina,batch,23.4
C350,B350,437,14.2,48,Silica,batch,32.7
C351,B351,423,10.6,42,nan,batch,39.5
C352,B352,436,11.4,41,Silica,batch,36.5
C353,B353,476,12.8,49,Alumina,batch,21.2
C354,B354,433,17.7,30,Alumina,batch,27.5
C355,B355,433,8.2,50,Silica,batch,38.5
C356,B356,432,15.8,46,Silica,batch,30.1
C357,B357,426,16.0,42,nan,batch,33.2
C358,B358,463,17.6,30,Silica,batch,38.3
C359,B359,474,19.2,39,nan,batch,37.5
C360,B360,434,8.2,44,Alumina,batch,30.0
C361,B361,438,9.8,56,Zeolite,batch,28.8
C362,B362,462,18.6,56,Zeolite,batch,26.8
C363,B363,466,13.5,59,Zeolite,batch,34.4
C364,B364,463,14.8,36,Zeolite,batch,25.7
C365,B365,454,16.0,57,Alumina,batch,25.0
C366,B366,436,16.1,51,Zeolite,batch,27.1
C367,B367,454,19.2,47,Silica,batch,23.5
C368,B368,438,20.0,45,Silica,batch,33.9
C369,B369,439,16.6,43,Zeolite,batch,32.3
C370,B370,455,11.4,56,Silica,batch,29.7
C371,B371,454,18.6,57,nan,batch,27.8
C372,B372,451,8.6,47,Alumina,batch,38.2
C373,B373,477,10.8,56,Zeolite,batch,20.6
C374,B374,467,18.8,36,Zeolite,batch,35.4
C375,B375,463,11.1,46,Alumina,batch,38.0
C376,B376,459,10.6,58,Silica,batch,28.9
C377,B377,443,9.7,47,Alumina,batch,31.0
C378,B378,436,18.3,41,Alumina,batch,38.9
C379,B379,426,14.0,37,Silica,batch,24.2
C380,B380,462,16.1,51,Alumina,batch,30.4
C381,B381,469,10.9,59,Silica,batch,29.5
C382,B382,420,17.1,31,Silica,batch,25.2
C383,B383,454,17.1,36,Alumina,batch,36.4
C384,B384,451,11.8,33,nan,batch,38.0
C385,B385,455,12.9,47,Silica,batch,35.6
C386,B386,432,10.5,57,Alumina,batch,23.9
C387,B387,425,19.7,35,Silica,batch,21.7
C388,B388,477,15.7,56,nan,batch,32.1
C389,B389,433,19.2,38,nan,batch,21.1
C390,B390,456,11.6,56,Zeolite,batch,33.5
C391,B391,467,17.4,38,Silica,batch,30.6
C392,B392,434,17.2,43,Silica,batch,33.3
C393,B393,466,16.3,37,Alumina,batch,31.8
C394,B394,423,19.6,48,Silica,batch,28.5
C395,B395,459,12.7,32,Zeolite,batch,24.0
C396,B396,478,9.6,47,nan,batch,26.1
C397,B397,435,16.1,34,nan,batch,30.5
C398,B398,447,16.8,43,Zeolite,batch,33.0
C399,B399,435,14.9,57,Silica,batch,35.6
C400,B400,423,10.5,59,Silica,batch,35.3
C401,B401,464,14.1,33,Zeolite,batch,39.5
C402,B402,445,11.7,36,Alumina,batch,25.7
C403,B403,447,13.1,49,nan,batch,21.4
C404,B404,451,15.7,54,Zeolite,batch,26.9
C405,B405,464,16.9,57,Zeolite,batch,34.9
C406,B406,421,10.8,41,Silica,batch,28.8
C407,B407,450,12.9,31,nan,batch,36.4
C408,B408,422,11.2,40,Silica,batch,31.0
C409,B409,473,10.4,43,Zeolite,batch,38.6
C410,B410,427,17.4,51,Alumina,batch,39.0
C411,B411,443,18.9,52,nan,batch,21.4
C412,B412,434,12.4,45,Zeolite,batch,29.1
C413,B413,462,17.0,49,Zeolite,batch,32.2
C414,B414,450,18.8,58,Alumina,batch,25.1
C415,B415,428,18.2,35,Zeolite,batch,28.1
C416,B416,458,10.2,52,Zeolite,batch,33.6
C417,B417,464,19.5,33,nan,batch,24.5
C418,B418,421,12.5,44,nan,batch,32.0
C419,B419,427,12.1,53,nan,batch,33.9
C420,B420,426,8.7,54,Silica,batch,21.8
C421,B421,475,13.8,30,Alumina,batch,30.0
C422,B422,463,9.3,36,nan,batch,25.3
C423,B423,470,11.0,54,Silica,batch,34.5
C424,B424,458,11.8,41,Silica,batch,23.8
C425,B425,461,17.7,39,Alumina,batch,37.8
C426,B426,476,18.5,34,Alumina,batch,28.6
C427,B427,435,11.6,41,Zeolite,batch,24.0
C428,B428,454,18.3,47,Silica,batch,28.8
C429,B429,449,18.3,39,nan,batch,28.2
C430,B430,429,17.2,35,Alumina,batch,28.6
C431,B431,457,9.8,57,Silica,batch,31.7
C432,B432,437,16.3,41,nan,batch,30.4
C433,B433,469,19.3,36,Silica,batch,23.0
C434,B434,424,16.2,47,Alumina,batch,21.3
C435,B435,472,12.0,31,Zeolite,batch,34.6
C436,B436,448,14.0,39,Silica,batch,31.2
C437,B437,458,15.7,44,nan,batch,27.2
C438,B438,479,14.1,59,Alumina,batch,36.2
C439,B439,453,9.4,41,Zeolite,batch,27.8
C440,B440,462,11.7,55,nan,batch,35.9
C441,B441,464,17.6,46,nan,batch,26.1
C442,B442,442,18.3,33,nan,batch,21.5
C443,B443,424,9.6,36,Silica,batch,38.7
C444,B444,449,19.4,59,Alumina,batch,27.9
C445,B445,425,11.9,38,nan,batch,35.9
C446,B446,475,15.9,48,Silica,batch,25.6
C447,B447,477,17.0,57,Alumina,batch,32.9
C448,B448,465,17.7,56,Alumina,batch,37.5
C449,B449,463,19.3,52,Silica,batch,20.8
C450,B450,423,11.8,36,Silica,batch,36.6
C451,B451,448,18.3,52,nan,batch,31.4
C452,B452,442,9.6,31,Alumina,batch,32.1
C453,B453,425,16.5,35,Zeolite,batch,30.5
C454,B454,451,16.9,47,Silica,batch,37.5
C455,B455,461,16.1,35,Alumina,batch,20.9
C456,B456,437,11.0,42,Alumina,batch,25.2
C457,B457,434,18.5,55,nan,batch,37.5
C458,B458,459,10.0,48,Zeolite,batch,35.0
C459,B459,477,8.6,59,nan,batch,20.4
C460,B460,451,16.6,31,Zeolite,batch,30.3
C461,B461,428,13.7,41,Zeolite,batch,30.6
C462,B462,456,18.2,44,Silica,batch,28.0
C463,B463,429,12.6,43,Alumina,batch,25.9
C464,B464,439,10.0,35,Alumina,batch,33.6
C465,B465,425,18.0,47,Alumina,batch,24.2
C466,B466,467,14.6,34,Zeolite,batch,36.0
C467,B467,475,10.3,47,Alumina,batch,36.1
C468,B468,478,16.6,32,Silica,batch,28.3
C469,B469,422,14.1,32,Zeolite,batch,25.7
C470,B470,461,15.3,51,Zeolite,batch,25.7
C471,B471,430,13.5,51,Zeolite,batch,29.6
C472,B472,462,17.9,39,Zeolite,batch,34.4
C473,B473,436,18.0,48,Silica,batch,27.2
C474,B474,451,16.5,32,Alumina,batch,32.2
C475,B475,423,9.3,58,Silica,batch,27.6
C476,B476,423,18.1,41,Alumina,batch,26.1
C477,B477,436,16.1,58,Silica,batch,20.5
C478,B478,460,16.4,45,nan,batch,20.1
C479,B479,438,12.4,46,nan,batch,24.5
C480,B480,424,18.6,36,nan,batch,28.1
C481,B481,451,16.7,42,nan,batch,37.0
C482,B482,441,9.4,53,Zeolite,batch,36.0
C483,B483,475,12.9,31,Zeolite,batch,25.3
C484,B484,425,18.6,33,Silica,batch,24.9
C485,B485,454,8.6,39,Silica,batch,24.5
C486,B486,441,19.5,36,nan,batch,26.8
C487,B487,420,16.1,53,Alumina,batch,30.0
C488,B488,439,15.6,46,nan,batch,28.8
C489,B489,441,11.2,49,Silica,batch,24.4
C490,B490,467,11.0,35,nan,batch,22.6
C491,B491,474,19.3,48,Silica,batch,20.3
C492,B492,430,11.6,34,nan,batch,23.1
C493,B493,432,17.3,39,Alumina,batch,34.1
C494,B494,478,12.7,38,nan,batch,24.9
C495,B495,461,9.7,56,Alumina,batch,29.4
C496,B496,422,8.1,42,Alumina,batch,31.8
C497,B497,428,14.5,48,Silica,batch,37.7
C498,B498,479,19.7,50,Alumina,batch,37.8
C499,B499,431,12.4,53,Zeolite,batch,34.9
C500,B500,442,12.3,35,Zeolite,batch,20.7
C501,B501,433,12.1,33,Zeolite,batch,31.5
C502,B502,452,14.2,53,Silica,batch,35.7
C503,B503,437,13.3,56,Zeolite,batch,20.3
C504,B504,468,18.6,32,Silica,batch,31.0
C505,B505,478,14.1,32,Silica,batch,37.2
C506,B506,460,14.1,33,Zeolite,batch,29.5
C507,B507,428,9.7,54,Alumina,batch,20.1
C508,B508,442,19.8,34,nan,batch,20.2
C509,B509,429,11.0,37,Silica,batch,28.3
C510,B510,438,8.9,45,Zeolite,batch,23.1
C511,B511,466,16.0,51,Silica,batch,33.3
C512,B512,424,15.1,32,Alumina,batch,34.2
C513,B513,466,13.0,53,Alumina,batch,23.6
C514,B514,471,13.1,41,Zeolite,batch,37.8
C515,B515,442,17.4,54,Silica,batch,28.8
C516,B516,449,10.3,37,nan,batch,22.9
C517,B517,444,17.8,42,nan,batch,35.3
C518,B518,447,15.8,33,Silica,batch,35.8
C519,B519,453,13.0,43,Silica,batch,32.8
C520,B520,464,13.5,43,Silica,batch,37.1
C521,B521,475,11.1,42,Zeolite,batch,34.7
C522,B522,467,17.0,56,Alumina,batch,37.6
C523,B523,466,14.2,35,nan,batch,28.7
C524,B524,444,11.9,46,Zeolite,batch,35.0
C525,B525,429,15.2,33,Silica,batch,40.0
C526,B526,433,19.9,37,Silica,batch,34.5
C527,B527,461,13.2,46,Alumina,batch,22.3
C528,B528,476,19.0,32,Silica,batch,30.4
C529,B529,465,12.1,46,Zeolite,batch,31.7
C530,B530,477,8.7,38,Zeolite,batch,23.5
C531,B531,449,10.5,31,Alumina,batch,39.3
C532,B532,474,13.0,54,Zeolite,batch,23.5
C533,B533,460,10.6,42,nan,batch,23.6
C534,B534,444,8.0,49,Zeolite,batch,38.3
C535,B535,433,19.0,31,Zeolite,batch,29.3
C536,B536,454,18.1,49,Zeolite,batch,21.3
C537,B537,471,16.9,57,nan,batch,32.0
C538,B538,467,10.0,40,Silica,batch,32.0
C539,B539,453,9.4,56,Zeolite,batch,21.3
C540,B540,429,8.8,55,Alumina,batch,39.5
C541,B541,454,16.7,51,nan,batch,30.9
C542,B542,430,19.1,44,Alumina,batch,31.2
C543,B543,430,13.2,40,Zeolite,batch,30.4
C544,B544,440,9.4,52,Alumina,batch,32.2
C545,B545,440,14.1,32,Zeolite,batch,25.3
C546,B546,441,12.2,32,nan,batch,25.7
C547,B547,464,12.5,57,Alumina,batch,30.2
C548,B548,426,15.5,55,Alumina,batch,36.1
C549,B549,474,16.6,41,Zeolite,batch,21.0
C550,B550,436,9.3,53,Zeolite,batch,32.1
C551,B551,421,8.4,34,Silica,batch,36.1
C552,B552,431,19.9,49,Zeolite,batch,23.1
C553,B553,476,10.8,36,Zeolite,batch,20.3
C554,B554,461,8.6,36,Silica,batch,26.3
C555,B555,437,10.3,42,Zeolite,batch,31.8
C556,B556,473,8.5,38,Zeolite,batch,22.8
C557,B557,478,12.7,54,Silica,batch,28.5
C558,B558,430,17.6,50,nan,batch,31.0
C559,B559,435,12.1,42,nan,batch,32.0
C560,B560,468,13.3,41,Zeolite,batch,25.5
C561,B561,470,16.1,42,Zeolite,batch,28.0
C562,B562,437,14.1,53,Silica,batch,35.6
C563,B563,454,18.3,39,Silica,batch,38.8
C564,B564,472,18.4,30,nan,batch,37.2
C565,B565,478,8.1,54,Alumina,batch,31.3
C566,B566,445,17.3,37,Zeolite,batch,28.2
C567,B567,435,13.5,51,Alumina,batch,26.7
C568,B568,425,19.9,45,Alumina,batch,22.5
C569,B569,476,13.8,42,Silica,batch,22.1
C570,B570,463,19.8,32,Zeolite,batch,33.8
C571,B571,462,17.1,32,Zeolite,batch,25.2
C572,B572,466,11.0,53,Silica,batch,25.1
C573,B573,466,14.5,34,Alumina,batch,40.0
C574,B574,467,19.9,55,Silica,batch,23.8
C575,B575,461,18.3,40,nan,batch,23.0
C576,B576,431,9.2,59,Zeolite,batch,22.0
C577,B577,479,16.5,36,nan,batch,31.6
C578,B578,432,12.1,50,Silica,batch,32.6
C579,B579,423,8.1,53,Zeolite,batch,27.3
C580,B580,458,12.8,39,nan,batch,30.7
C581,B581,473,10.8,39,nan,batch,35.8
C582,B582,421,17.8,49,Alumina,batch,36.4
C583,B583,445,12.0,31,Zeolite,batch,39.2
C584,B584,478,17.9,32,nan,batch,36.5
C585,B585,446,8.0,37,nan,batch,31.3
C586,B586,446,11.7,40,Alumina,batch,23.6
C587,B587,434,10.9,42,nan,batch,22.0
C588,B588,427,10.8,36,nan,batch,21.1
C589,B589,426,8.8,42,nan,batch,33.3
C590,B590,466,10.2,31,Alumina,batch,36.2
C591,B591,474,14.7,35,nan,batch,30.2
C592,B592,465,11.5,38,nan,batch,21.1
C593,B593,459,13.0,49,Zeolite,batch,30.7
C594,B594,479,12.5,54,Zeolite,batch,38.7
C595,B595,431,18.5,31,Alumina,batch,32.0
C596,B596,432,18.9,47,Silica,batch,36.2
C597,B597,462,13.9,45,Zeolite,batch,36.0
C598,B598,436,12.0,54,Alumina,batch,38.6
C599,B599,436,9.3,41,nan,batch,35.4
C600,B600,475,19.4,36,nan,batch,35.0
C601,B601,455,8.7,36,Alumina,batch,24.7
C602,B602,440,11.6,46,nan,batch,21.2
C603,B603,427,11.6,42,nan,batch,30.4
C604,B604,424,11.8,40,Silica,batch,22.5
C605,B605,445,10.0,35,nan,batch,39.2
C606,B606,435,17.4,58,Zeolite,batch,25.8
C607,B607,455,9.5,52,nan,batch,37.1
C608,B608,447,15.6,56,Alumina,batch,27.8
C609,B609,473,9.5,43,Silica,batch,26.5
C610,B610,448,8.8,35,nan,batch,38.7
C611,B611,466,18.9,35,Alumina,batch,27.3
C612,B612,431,10.3,31,Zeolite,batch,27.8
C613,B613,456,17.9,51,nan,batch,22.1
C614,B614,449,14.5,49,Silica,batch,33.4
C615,B615,442,8.9,54,nan,batch,25.8
C616,B616,435,19.5,44,Alumina,batch,31.7
C617,B617,433,11.0,57,Silica,batch,31.8
C618,B618,429,18.3,46,nan,batch,34.4
C619,B619,426,10.0,58,Zeolite,batch,34.9
C620,B620,464,18.2,37,Silica,batch,30.3
C621,B621,471,8.2,34,Zeolite,batch,26.6
C622,B622,479,14.1,46,Alumina,batch,36.7
C623,B623,456,17.2,49,nan,batch,26.2
C624,B624,448,19.2,30,Zeolite,batch,30.2
C625,B625,422,18.9,51,Alumina,batch,28.0
C626,B626,434,17.8,47,nan,batch,37.1
C627,B627,455,18.7,44,Alumina,batch,28.6
C628,B628,466,10.4,34,Zeolite,batch,27.7
C629,B629,465,11.4,36,Alumina,batch,33.8
C630,B630,471,11.5,47,Silica,batch,32.0
C631,B631,438,12.5,35,nan,batch,22.1
C632,B632,432,12.7,51,Alumina,batch,30.2
C633,B633,461,14.5,50,Zeolite,batch,34.7
C634,B634,440,9.9,34,nan,batch,39.8
C635,B635,456,16.3,59,Silica,batch,32.6
C636,B636,446,10.0,48,nan,batch,27.4
C637,B637,474,11.7,39,Silica,batch,24.5
C638,B638,471,14.0,44,nan,batch,37.5
C639,B639,448,17.6,39,Alumina,batch,36.3
C640,B640,439,16.9,56,Alumina,batch,24.7
C641,B641,444,15.7,45,Zeolite,batch,24.0
C642,B642,425,9.9,41,Silica,batch,34.3
C643,B643,455,14.6,47,Zeolite,batch,26.3
C644,B644,421,9.0,52,Alumina,batch,26.1
C645,B645,441,12.5,30,Silica,batch,23.0
C646,B646,451,13.0,45,Zeolite,batch,25.3
C647,B647,435,8.5,51,Zeolite,batch,28.6
C648,B648,437,11.3,35,Zeolite,batch,34.7
C649,B649,424,19.5,32,Zeolite,batch,26.7
C650,B650,473,19.4,31,Zeolite,batch,26.6
C651,B651,455,12.2,57,Silica,batch,25.7
C652,B652,449,8.5,31,Zeolite,batch,29.6
C653,B653,464,10.1,59,Silica,batch,23.6
C654,B654,438,12.7,42,Zeolite,batch,29.7
C655,B655,442,19.4,38,Alumina,batch,34.1
C656,B656,453,9.7,45,Alumina,batch,20.6
C657,B657,432,17.2,56,Zeolite,batch,20.2
C658,B658,462,9.3,34,nan,batch,21.5
C659,B659,473,19.8,52,Alumina,batch,30.7
C660,B660,448,12.6,57,Silica,batch,37.1
C661,B661,455,17.3,50,Zeolite,batch,20.1
C662,B662,441,12.1,36,Silica,batch,38.7
C663,B663,471,15.5,42,nan,batch,22.1
C664,B664,471,10.3,49,Zeolite,batch,36.8
C665,B665,466,9.8,53,Alumina,batch,29.7
C666,B666,455,19.3,58,Silica,batch,33.2
C667,B667,428,19.0,56,Alumina,batch,30.2
C668,B668,458,18.6,59,Alumina,batch,29.5
C669,B669,470,15.5,55,Zeolite,batch,36.7
C670,B670,438,17.7,42,Silica,batch,35.1
C671,B671,457,8.8,56,nan,batch,29.7
C672,B672,425,12.0,55,Alumina,batch,22.2
C673,B673,471,11.8,36,Zeolite,batch,22.3
C674,B674,466,15.6,39,Zeolite,batch,36.0
C675,B675,434,12.3,44,nan,batch,30.6
C676,B676,476,9.8,50,Zeolite,batch,29.6
C677,B677,439,15.2,56,Alumina,batch,33.6
C678,B678,428,17.8,35,Zeolite,batch,37.2
C679,B679,451,12.6,34,Silica,batch,32.6
C680,B680,423,9.6,52,Silica,batch,35.3
C681,B681,469,10.4,57,Alumina,batch,35.3
C682,B682,437,10.8,31,Silica,batch,27.1
C683,B683,424,11.6,50,nan,batch,25.5
C684,B684,439,15.7,44,Zeolite,batch,36.0
C685,B685,442,15.2,55,Alumina,batch,27.5
C686,B686,430,16.4,45,nan,batch,38.1
C687,B687,456,12.4,48,Zeolite,batch,21.4
C688,B688,441,17.9,38,nan,batch,21.2
C689,B689,477,10.4,58,Alumina,batch,38.5
C690,B690,423,13.6,51,Alumina,batch,33.0
C691,B691,448,17.6,58,nan,batch,27.6
C692,B692,463,10.2,55,Zeolite,batch,35.1
C693,B693,453,9.3,48,Silica,batch,33.4
C694,B694,432,18.6,36,Silica,batch,30.6
C695,B695,461,12.1,33,nan,batch,22.0
C696,B696,428,16.2,59,Alumina,batch,36.2
C697,B697,461,8.3,32,Zeolite,batch,37.3
C698,B698,450,16.3,53,Zeolite,batch,23.4
C699,B699,426,11.8,58,Alumina,batch,37.0
C700,B700,423,8.7,49,Silica,batch,37.6
C701,B701,438,15.3,40,Zeolite,batch,31.0
C702,B702,461,10.9,30,nan,batch,33.1
C703,B703,449,12.6,35,Silica,batch,27.6
C704,B704,450,9.0,55,nan,batch,25.6
C705,B705,454,9.8,40,Silica,batch,34.4
C706,B706,476,11.6,56,Alumina,batch,37.2
C707,B707,440,9.1,30,nan,batch,33.1
C708,B708,450,18.9,50,nan,batch,30.2
C709,B709,438,8.1,36,Alumina,batch,23.2
C710,B710,450,13.8,35,nan,batch,21.1
C711,B711,472,9.5,43,Silica,batch,28.9
C712,B712,451,11.7,31,Zeolite,batch,21.0
C713,B713,421,19.1,56,Zeolite,batch,31.4
C714,B714,478,9.9,33,Alumina,batch,27.7
C715,B715,471,19.6,40,Silica,batch,35.1
C716,B716,429,10.5,44,nan,batch,26.1
C717,B717,421,16.9,47,nan,batch,31.9
C718,B718,421,14.6,56,Zeolite,batch,30.8
C719,B719,479,18.6,30,nan,batch,20.1
C720,B720,443,14.6,32,Zeolite,batch,21.4
C721,B721,436,14.4,32,Alumina,batch,25.8
C722,B722,451,10.3,57,nan,batch,37.6
C723,B723,435,10.0,36,Silica,batch,22.9
C724,B724,435,19.0,30,nan,batch,34.2
C725,B725,465,11.9,54,Zeolite,batch,39.5
C726,B726,458,12.5,40,Alumina,batch,35.8
C727,B727,472,17.1,35,Zeolite,batch,24.9
C728,B728,450,12.1,49,nan,batch,38.2
C729,B729,462,19.4,32,Zeolite,batch,21.9
C730,B730,443,16.9,48,Zeolite,batch,29.4
C731,B731,420,15.2,31,Alumina,batch,37.8
C732,B732,430,18.6,47,Silica,batch,32.8
C733,B733,474,8.6,59,nan,batch,28.3
C734,B734,440,11.1,41,Alumina,batch,25.9
C735,B735,423,13.6,58,Silica,batch,27.5
C736,B736,426,10.7,39,Zeolite,batch,30.2
C737,B737,445,16.9,34,Silica,batch,26.4
C738,B738,466,19.0,38,Zeolite,batch,39.4
C739,B739,469,13.1,31,Zeolite,batch,38.7
C740,B740,431,12.1,31,Alumina,batch,37.4
C741,B741,450,19.5,57,Zeolite,batch,28.4
C742,B742,436,13.3,35,Alumina,batch,33.8
C743,B743,452,13.9,58,Silica,batch,38.1
C744,B744,430,12.2,39,Silica,batch,37.0
C745,B745,447,18.9,47,Zeolite,batch,28.3
C746,B746,451,14.8,41,Alumina,batch,22.2
C747,B747,420,17.1,33,Zeolite,batch,21.5
C748,B748,466,17.7,51,Alumina,batch,31.5
C749,B749,447,12.1,50,Alumina,batch,32.9
C750,B750,472,13.2,46,Alumina,batch,37.0
C751,B751,461,18.2,44,Silica,batch,25.9
C752,B752,426,12.4,35,Alumina,batch,23.3
C753,B753,421,17.5,45,Silica,batch,27.6
C754,B754,461,19.3,46,Alumina,batch,27.1
C755,B755,443,15.5,32,Silica,batch,22.6
C756,B756,423,16.9,39,nan,batch,33.4
C757,B757,463,17.7,34,Silica,batch,30.2
C758,B758,438,18.1,43,Silica,batch,34.4
C759,B759,445,12.7,55,Zeolite,batch,27.1
C760,B760,430,8.6,58,Alumina,batch,26.5
C761,B761,459,12.8,50,nan,batch,29.5
C762,B762,469,16.1,42,Zeolite,batch,37.5
C763,B763,462,13.4,55,Alumina,batch,20.8
C764,B764,430,17.0,35,nan,batch,36.1
C765,B765,464,12.3,41,nan,batch,27.4
C766,B766,422,15.6,55,nan,batch,37.1
C767,B767,431,10.2,37,Alumina,batch,36.0
C768,B768,422,17.0,34,nan,batch,27.0
C769,B769,461,14.5,59,nan,batch,33.9
C770,B770,446,10.4,44,Zeolite,batch,23.2
C771,B771,468,11.5,56,Silica,batch,37.9
C772,B772,473,17.0,45,Alumina,batch,28.1
C773,B773,421,13.8,30,Silica,batch,29.1
C774,B774,468,10.6,45,Zeolite,batch,34.1
C775,B775,435,19.6,34,Silica,batch,36.4
C776,B776,421,16.6,32,nan,batch,24.7
C777,B777,479,19.5,49,nan,batch,33.2
C778,B778,473,13.1,44,Alumina,batch,27.8
C779,B779,449,13.7,42,Alumina,batch,27.4
C780,B780,439,18.8,53,Alumina,batch,33.8
C781,B781,457,14.3,45,Zeolite,batch,27.7
C782,B782,447,16.5,52,Alumina,batch,26.9
C783,B783,444,11.0,40,Zeolite,batch,36.7
C784,B784,451,13.4,50,nan,batch,22.0
C785,B785,429,9.5,31,Silica,batch,33.5
C786,B786,479,10.5,51,nan,batch,25.0
C787,B787,461,8.0,56,nan,batch,20.3
C788,B788,459,8.5,35,nan,batch,23.3
C789,B789,452,19.7,55,Alumina,batch,32.1
C790,B790,432,10.9,55,Alumina,batch,34.2
C791,B791,475,16.0,59,Alumina,batch,20.4
C792,B792,460,18.1,56,Silica,batch,20.7
C793,B793,473,14.6,35,Alumina,batch,38.1
C794,B794,461,9.8,43,Zeolite,batch,21.5
C795,B795,466,16.7,54,nan,batch,37.9
C796,B796,456,15.2,40,Silica,batch,24.6
C797,B797,473,16.8,37,Silica,batch,34.8
C798,B798,435,17.2,37,Silica,batch,26.2
C799,B799,464,19.7,30,Silica,batch,37.2
C800,B800,441,14.9,50,Silica,batch,34.0
C801,B801,476,12.1,36,Zeolite,batch,28.0
C802,B802,439,15.8,35,nan,batch,21.5
C803,B803,469,8.8,50,Silica,batch,34.7
C804,B804,462,18.8,37,nan,batch,32.3
C805,B805,446,9.4,48,Alumina,batch,20.1
C806,B806,460,11.9,51,Silica,batch,20.2
C807,B807,435,17.8,50,Silica,batch,36.2
C808,B808,453,15.2,53,nan,batch,25.2
C809,B809,451,12.7,49,Silica,batch,32.7
C810,B810,445,13.7,37,Silica,batch,29.1
C811,B811,444,18.3,55,Silica,batch,37.3
C812,B812,421,12.1,43,Zeolite,batch,38.3
C813,B813,431,18.4,47,Zeolite,batch,39.9
C814,B814,459,9.1,54,Silica,batch,23.1
C815,B815,428,17.3,58,Zeolite,batch,37.3
C816,B816,431,18.2,45,Alumina,batch,25.3
C817,B817,445,10.2,38,Silica,batch,31.8
C818,B818,428,13.2,44,Alumina,batch,30.1
C819,B819,429,10.0,59,nan,batch,20.4
C820,B820,451,16.5,55,Alumina,batch,38.7
C821,B821,476,14.4,39,nan,batch,21.6
C822,B822,453,15.6,58,Silica,batch,33.8
C823,B823,467,10.4,51,nan,batch,35.7
C824,B824,439,10.5,45,nan,batch,35.9
C825,B825,458,8.5,33,Alumina,batch,22.7
C826,B826,479,11.9,49,Alumina,batch,29.0
C827,B827,421,14.7,42,Alumina,batch,36.6
C828,B828,420,18.3,51,Silica,batch,26.1
C829,B829,470,16.0,34,Silica,batch,29.4
C830,B830,479,13.2,51,Alumina,batch,25.5
C831,B831,455,19.4,36,Silica,batch,29.3
C832,B832,443,16.6,52,Silica,batch,37.8
C833,B833,473,19.2,38,nan,batch,29.1
C834,B834,446,14.3,37,nan,batch,31.1
C835,B835,421,11.1,58,Alumina,batch,28.1
C836,B836,450,8.6,45,Silica,batch,29.2
C837,B837,476,16.7,35,nan,batch,20.3
C838,B838,433,9.5,57,Zeolite,batch,25.7
C839,B839,421,11.6,45,Silica,batch,28.7
C840,B840,448,14.4,35,Zeolite,batch,32.7
C841,B841,434,14.8,43,Alumina,batch,29.0
C842,B842,431,15.2,50,Silica,batch,26.8
C843,B843,456,10.0,30,Alumina,batch,27.8
C844,B844,447,12.6,54,Alumina,batch,24.8
C845,B845,439,15.4,38,Alumina,batch,38.5
C846,B846,458,19.6,54,Alumina,batch,30.4
C847,B847,443,16.7,56,Alumina,batch,20.3
C848,B848,440,19.1,53,Silica,batch,20.4
C849,B849,429,17.1,42,Zeolite,batch,39.5
C850,B850,465,15.1,55,Silica,batch,24.4
C851,B851,433,10.3,58,Silica,batch,36.1
C852,B852,456,16.0,48,Silica,batch,21.2
C853,B853,437,15.5,46,nan,batch,38.4
C854,B854,443,15.2,40,nan,batch,37.5
C855,B855,433,13.9,57,Silica,batch,31.4
C856,B856,453,14.3,57,Zeolite,batch,20.2
C857,B857,477,12.0,37,Silica,batch,25.2
C858,B858,431,14.2,52,Alumina,batch,28.1
C859,B859,441,10.4,58,nan,batch,29.2
C860,B860,475,17.7,34,nan,batch,26.0
C861,B861,425,10.2,39,Silica,batch,20.7
C862,B862,455,9.0,36,Silica,batch,31.8
C863,B863,464,13.2,39,Zeolite,batch,30.5
C864,B864,455,15.9,33,Zeolite,batch,25.7
C865,B865,441,13.3,38,Alumina,batch,20.8
C866,B866,433,11.3,56,Silica,batch,39.9
C867,B867,435,14.7,55,Silica,batch,29.6
C868,B868,455,12.2,43,Silica,batch,35.1
C869,B869,475,19.2,31,nan,batch,29.0
C870,B870,444,19.1,54,Alumina,batch,20.9
C871,B871,451,14.0,38,Zeolite,batch,26.2
C872,B872,452,11.9,50,nan,batch,26.4
C873,B873,464,16.8,56,nan,batch,36.8
C874,B874,455,8.4,30,nan,batch,33.1
C875,B875,439,13.7,52,nan,batch,25.5
C876,B876,437,12.0,39,Alumina,batch,39.4
C877,B877,457,19.0,39,Silica,batch,26.4
C878,B878,422,8.1,49,Zeolite,batch,40.0
C879,B879,442,14.6,54,Zeolite,batch,39.9
C880,B880,451,16.9,51,nan,batch,23.8
C881,B881,464,13.8,58,nan,batch,26.3
C882,B882,478,9.0,32,Alumina,batch,29.7
C883,B883,435,19.7,35,nan,batch,33.3
C884,B884,478,14.2,58,Zeolite,batch,30.6
C885,B885,424,15.4,55,Zeolite,batch,39.4
C886,B886,423,10.8,35,Silica,batch,34.5
C887,B887,440,13.8,50,Silica,batch,24.2
C888,B888,459,13.1,31,Zeolite,batch,22.1
C889,B889,470,8.9,55,Zeolite,batch,33.8
C890,B890,433,9.3,55,Alumina,batch,23.2
C891,B891,458,18.0,47,Alumina,batch,35.8
C892,B892,450,10.9,52,Zeolite,batch,26.2
C893,B893,433,10.3,31,nan,batch,26.5
C894,B894,425,14.1,41,Silica,batch,20.2
C895,B895,431,17.2,51,Zeolite,batch,34.0
C896,B896,435,8.7,34,nan,batch,22.3
C897,B897,436,14.9,49,Zeolite,batch,35.5
C898,B898,464,9.4,36,Silica,batch,29.8
C899,B899,442,8.4,53,Silica,batch,35.7
C900,B900,433,8.6,45,Alumina,batch,31.7
C901,B901,426,18.0,49,Alumina,batch,21.6
C902,B902,465,9.4,30,Alumina,batch,35.3
C903,B903,451,8.5,30,Alumina,batch,21.4
C904,B904,434,13.3,46,Silica,batch,29.6
C905,B905,463,18.1,56,nan,batch,23.4
C906,B906,436,11.1,30,nan,batch,35.0
C907,B907,460,13.1,50,nan,batch,38.2
C908,B908,473,8.5,49,Zeolite,batch,31.1
C909,B909,466,13.4,42,Alumina,batch,30.5
C910,B910,463,14.9,59,Alumina,batch,35.3
C911,B911,453,14.9,38,Silica,batch,20.1
C912,B912,424,12.0,44,Silica,batch,38.4
C913,B913,464,11.8,32,Zeolite,batch,23.9
C914,B914,446,9.3,43,Zeolite,batch,39.7
C915,B915,471,12.4,52,nan,batch,34.7
C916,B916,442,9.2,40,Silica,batch,35.5
C917,B917,459,17.2,53,Alumina,batch,33.1
C918,B918,478,19.6,51,nan,batch,29.4
C919,B919,433,19.6,41,Alumina,batch,31.4
C920,B920,434,18.4,42,nan,batch,20.9
C921,B921,462,15.2,55,Alumina,batch,32.5
C922,B922,452,16.4,42,Zeolite,batch,32.5
C923,B923,472,11.4,30,nan,batch,37.8
C924,B924,450,15.6,53,Alumina,batch,30.1
C925,B925,454,13.5,39,Alumina,batch,21.5
C926,B926,436,13.8,32,Silica,batch,26.1
C927,B927,447,17.1,53,nan,batch,33.1
C928,B928,438,11.4,57,Alumina,batch,24.8
C929,B929,465,11.8,33,Silica,batch,25.6
C930,B930,473,19.1,45,Alumina,batch,36.4
C931,B931,442,8.7,37,nan,batch,31.7
C932,B932,451,13.8,45,Zeolite,batch,30.2
C933,B933,459,19.0,56,nan,batch,26.4
C934,B934,432,15.3,46,nan,batch,34.6
C935,B935,478,14.6,48,Alumina,batch,25.8
C936,B936,439,11.0,51,Alumina,batch,34.7
C937,B937,454,12.1,44,nan,batch,21.4
C938,B938,424,18.2,45,Silica,batch,37.3
C939,B939,428,14.7,44,Silica,batch,30.0
C940,B940,448,14.2,54,Silica,batch,28.8
C941,B941,425,9.2,31,Alumina,batch,32.2
C942,B942,444,8.2,40,Alumina,batch,32.5
C943,B943,450,19.6,30,nan,batch,22.6
C944,B944,441,12.5,44,Zeolite,batch,35.1
C945,B945,421,15.2,55,Alumina,batch,25.5
C946,B946,464,9.0,48,nan,batch,38.1
C947,B947,424,16.2,33,nan,batch,36.4
C948,B948,479,19.2,40,Zeolite,batch,26.9
C949,B949,446,14.9,34,Silica,batch,36.2
C950,B950,444,9.5,32,nan,batch,27.1
C951,B951,427,15.0,42,nan,batch,22.0
C952,B952,474,17.2,39,nan,batch,39.2
C953,B953,420,12.9,40,Silica,batch,33.1
C954,B954,439,18.6,47,Silica,batch,29.1
C955,B955,463,15.8,31,Zeolite,batch,28.0
C956,B956,442,18.8,36,Alumina,batch,26.5
C957,B957,451,15.5,38,Silica,batch,39.6
C958,B958,430,9.6,39,Alumina,batch,22.7
C959,B959,458,11.7,47,Alumina,batch,26.3
C960,B960,466,10.4,52,Silica,batch,29.7
C961,B961,473,18.9,36,nan,batch,29.6
C962,B962,443,17.1,56,Zeolite,batch,29.4
C963,B963,430,16.1,36,Alumina,batch,23.5
C964,B964,448,11.6,32,nan,batch,22.9
C965,B965,473,10.2,41,Silica,batch,25.1
C966,B966,445,17.1,36,Alumina,batch,38.3
C967,B967,435,13.7,46,Alumina,batch,22.3
C968,B968,454,10.7,55,Alumina,batch,35.1
C969,B969,439,15.4,30,nan,batch,35.2
C970,B970,465,8.5,34,nan,batch,36.2
C971,B971,422,11.9,45,nan,batch,37.7
C972,B972,420,13.6,44,Alumina,batch,25.3
C973,B973,477,9.8,31,Alumina,batch,24.5
C974,B974,472,19.8,38,Zeolite,batch,29.3
C975,B975,466,10.5,36,Zeolite,batch,25.3
C976,B976,420,9.6,33,nan,batch,34.7
C977,B977,436,10.4,49,nan,batch,32.7
C978,B978,421,17.2,47,Silica,batch,37.5
C979,B979,448,13.1,50,nan,batch,21.7
C980,B980,439,14.8,33,Zeolite,batch,38.3
C981,B981,425,8.3,57,Zeolite,batch,25.9
C982,B982,427,8.4,42,Zeolite,batch,29.8
C983,B983,448,13.3,30,Alumina,batch,28.8
C984,B984,467,17.8,57,Alumina,batch,35.2
C985,B985,470,18.6,53,nan,batch,28.4
C986,B986,452,9.0,32,Silica,batch,38.9
C987,B987,422,14.5,45,Silica,batch,38.1
C988,B988,479,19.0,59,Silica,batch,37.4
C989,B989,454,12.7,51,Alumina,batch,21.4
C990,B990,424,18.0,33,Zeolite,batch,37.1
C991,B991,446,9.6,54,Zeolite,batch,35.6
C992,B992,463,19.2,52,Alumina,batch,22.1
C993,B993,431,17.0,54,Silica,batch,22.1
C994,B994,439,19.3,45,Silica,batch,22.0
C995,B995,464,16.1,55,nan,batch,20.2
C996,B996,439,12.4,48,nan,batch,31.0
C997,B997,428,19.3,30,Silica,batch,39.5
C998,B998,458,11.3,34,Alumina,batch,28.8
C999,B999,423,12.0,48,Silica,batch,30.8
C1000,B1000,470,16.4,51,nan,batch,39.4
